{
  "properties": {
    "connectionReferences": {
      "shared_sharepointonline": {
        "api": {
          "name": "shared_sharepointonline"
        },
        "connection": {
          "connectionReferenceLogicalName": "nd_sharedsharepointonline_d9f1f"
        },
        "runtimeSource": "embedded"
      },
      "shared_cognitiveservicestextanalytics": {
        "api": {
          "name": "shared_cognitiveservicestextanalytics"
        },
        "connection": {
          "connectionReferenceLogicalName": "nd_sharedcognitiveservicestextanalytics_f2dd5"
        },
        "runtimeSource": "embedded"
      }
    },
    "definition": {
      "$schema": "https://schema.management.azure.com/providers/Microsoft.Logic/schemas/2016-06-01/workflowdefinition.json#",
      "contentVersion": "undefined",
      "parameters": {
        "$authentication": {
          "defaultValue": {},
          "type": "SecureObject"
        },
        "$connections": {
          "defaultValue": {},
          "type": "Object"
        },
        "SiteSharePointFeedBack (nd_SiteSharePointFeedBack)": {
          "defaultValue": "https://devcolombia.sharepoint.com/sites/Test",
          "type": "String",
          "metadata": {
            "schemaName": "nd_SiteSharePointFeedBack"
          }
        },
        "ListSharePointFeedBack (nd_ListSharePointFeedBack)": {
          "defaultValue": "370f54fb-387f-4568-b299-ec858283e57d",
          "type": "String",
          "metadata": {
            "schemaName": "nd_ListSharePointFeedBack"
          }
        }
      },
      "triggers": {
        "Cuando_se_crea_un_elemento": {
          "type": "OpenApiConnection",
          "inputs": {
            "parameters": {
              "dataset": "@parameters('SiteSharePointFeedBack (nd_SiteSharePointFeedBack)')",
              "table": "@parameters('ListSharePointFeedBack (nd_ListSharePointFeedBack)')"
            },
            "host": {
              "apiId": "/providers/Microsoft.PowerApps/apis/shared_sharepointonline",
              "operationId": "GetOnNewItems",
              "connectionName": "shared_sharepointonline"
            }
          },
          "recurrence": {
            "frequency": "Minute",
            "interval": 1
          },
          "splitOn": "@triggerOutputs()?['body/value']"
        }
      },
      "actions": {
        "VarSentiment": {
          "type": "InitializeVariable",
          "inputs": {
            "variables": [
              {
                "name": "VarSentiment",
                "type": "string",
                "value": "@triggerBody()?['FeedbackDetails']"
              }
            ]
          },
          "runAfter": {}
        },
        "Sentimiento_(V3.0)": {
          "type": "OpenApiConnection",
          "inputs": {
            "parameters": {
              "input/documents": [
                {
                  "id": "1",
                  "text": "@variables('VarSentiment')",
                  "language": "es"
                }
              ]
            },
            "host": {
              "apiId": "/providers/Microsoft.PowerApps/apis/shared_cognitiveservicestextanalytics",
              "operationId": "SentimentV3",
              "connectionName": "shared_cognitiveservicestextanalytics"
            }
          },
          "runAfter": {
            "VarKeyphrases": [
              "Succeeded"
            ]
          }
        },
        "Frases_clave_(V3.0)": {
          "type": "OpenApiConnection",
          "inputs": {
            "parameters": {
              "input/documents": [
                {
                  "id": 1,
                  "text": "@variables('VarSentiment')"
                }
              ]
            },
            "host": {
              "apiId": "/providers/Microsoft.PowerApps/apis/shared_cognitiveservicestextanalytics",
              "operationId": "KeyPhraseV3",
              "connectionName": "shared_cognitiveservicestextanalytics"
            }
          },
          "runAfter": {
            "Sentimiento_(V3.0)": [
              "Succeeded"
            ]
          }
        },
        "VarKeyphrases": {
          "type": "InitializeVariable",
          "inputs": {
            "variables": [
              {
                "name": "VarKeyphrases",
                "type": "string"
              }
            ]
          },
          "runAfter": {
            "VarSentiment": [
              "Succeeded"
            ]
          }
        },
        "For_each": {
          "type": "Foreach",
          "foreach": "@outputs('Frases_clave_(V3.0)')?['body/documents']",
          "actions": {
            "Anexar_VarKeyphrases": {
              "type": "AppendToStringVariable",
              "inputs": {
                "name": "VarKeyphrases",
                "value": "@items('For_each')?['keyPhrases']"
              }
            }
          },
          "runAfter": {
            "Frases_clave_(V3.0)": [
              "Succeeded"
            ]
          }
        },
        "For_each_1": {
          "type": "Foreach",
          "foreach": "@outputs('Sentimiento_(V3.0)')?['body/documents']",
          "actions": {
            "Actualizar_elemento": {
              "type": "OpenApiConnection",
              "inputs": {
                "parameters": {
                  "dataset": "@parameters('SiteSharePointFeedBack (nd_SiteSharePointFeedBack)')",
                  "table": "@parameters('ListSharePointFeedBack (nd_ListSharePointFeedBack)')",
                  "id": "@triggerBody()?['ID']",
                  "item/Sentiment": "@items('For_each_1')?['sentiment']",
                  "item/Keyphrases": "@variables('VarKeyphrases')"
                },
                "host": {
                  "apiId": "/providers/Microsoft.PowerApps/apis/shared_sharepointonline",
                  "operationId": "PatchItem",
                  "connectionName": "shared_sharepointonline"
                }
              }
            }
          },
          "runAfter": {
            "For_each": [
              "Succeeded"
            ]
          }
        }
      }
    },
    "templateName": null
  },
  "schemaVersion": "1.0.0.0"
}